{
	"gat": {
		"ticker": {
			"high": 0.0103,
			"low": 0.00999,
			"last": 0.01002,
			"vol": 343431797.441849,
			"buy": 0.01001,
			"sell": 0.01002,
			"range": -0.0224
		}
	},
	"btc": {
		"ticker": {
			"high": 52772,
			"low": 51572,
			"last": 52175,
			"vol": 4106.086816,
			"buy": 52126,
			"sell": 52183,
			"range": 0.0086
		}
	},
	"eth": {
		"ticker": {
			"high": 1051,
			"low": 1031,
			"last": 1044.7,
			"vol": 38634.515849,
			"buy": 1043.8,
			"sell": 1044.6,
			"range": 0.0123
		}
	},
	"usdt": {
		"ticker": {
			"high": 7.097,
			"low": 7.064,
			"last": 7.075,
			"vol": 1624965.756713,
			"buy": 7.073,
			"sell": 7.077,
			"range": -0.003
		}
	},
	"bitcny": {
		"ticker": {
			"high": 0.7,
			"low": 0.7,
			"last": 0.7,
			"vol": 1858.8,
			"buy": 0.7,
			"sell": 0.77,
			"range": 0.1666
		}
	},
	"bts": {
		"ticker": {
			"high": 0.143,
			"low": 0.1391,
			"last": 0.141,
			"vol": 58236935.051977,
			"buy": 0.1402,
			"sell": 0.1408,
			"range": -0.0021
		}
	},
	"inf": {
		"ticker": {
			"high": 0.0026,
			"low": 0.0023,
			"last": 0.0026,
			"vol": 438216851.531306,
			"buy": 0.0025,
			"sell": 0.0026,
			"range": 0.0833
		}
	},
	"eac": {
		"ticker": {
			"high": 0.00064,
			"low": 0.00057,
			"last": 0.00059,
			"vol": 2745251646.587317,
			"buy": 0.00058,
			"sell": 0.00059,
			"range": -0.0634
		}
	},
	"doge": {
		"ticker": {
			"high": 0.01553,
			"low": 0.0151,
			"last": 0.01514,
			"vol": 594290279.042476,
			"buy": 0.0151,
			"sell": 0.01516,
			"range": -0.0052
		}
	},
	"xlm": {
		"ticker": {
			"high": 0.3933,
			"low": 0.3854,
			"last": 0.3896,
			"vol": 13192527.258112,
			"buy": 0.389,
			"sell": 0.3911,
			"range": 0.0028
		}
	},
	"ignis": {
		"ticker": {
			"high": 0.255,
			"low": 0.237,
			"last": 0.237,
			"vol": 16906050.337949,
			"buy": 0.236,
			"sell": 0.237,
			"range": -0.0669
		}
	},
	"xrp": {
		"ticker": {
			"high": 1.576,
			"low": 1.501,
			"last": 1.551,
			"vol": 5976671.107268,
			"buy": 1.547,
			"sell": 1.56,
			"range": 0.0319
		}
	},
	"xyt": {
		"ticker": {
			"high": 0.0025,
			"low": 0.00212,
			"last": 0.00217,
			"vol": 131385.280307,
			"buy": 0.00217,
			"sell": 0.00237,
			"range": 0.0284
		}
	},
	"ae": {
		"ticker": {
			"high": 1.162,
			"low": 1.102,
			"last": 1.131,
			"vol": 4288837.359106,
			"buy": 1.13,
			"sell": 1.137,
			"range": 0.0263
		}
	},
	"eos": {
		"ticker": {
			"high": 19.16,
			"low": 18.75,
			"last": 19.07,
			"vol": 367443.556122,
			"buy": 19.05,
			"sell": 19.07,
			"range": 0.0127
		}
	},
	"bcx": {
		"ticker": {
			"high": 0.000418,
			"low": 0.000388,
			"last": 0.000401,
			"vol": 8765149015.539,
			"buy": 0.0004,
			"sell": 0.00041,
			"range": -0.0195
		}
	},
	"etc": {
		"ticker": {
			"high": 26.92,
			"low": 26.59,
			"last": 26.82,
			"vol": 198426.725758,
			"buy": 26.81,
			"sell": 26.83,
			"range": 0.0067
		}
	},
	"idt": {
		"ticker": {
			"high": 0.0321,
			"low": 0.0312,
			"last": 0.0317,
			"vol": 108776125.284259,
			"buy": 0.0314,
			"sell": 0.0321,
			"range": -0.0031
		}
	},
	"ltc": {
		"ticker": {
			"high": 319.2,
			"low": 312,
			"last": 313.4,
			"vol": 35668.603652,
			"buy": 313.5,
			"sell": 314.5,
			"range": -0.0044
		}
	},
	"nxt": {
		"ticker": {
			"high": 0.075,
			"low": 0.071,
			"last": 0.074,
			"vol": 15013054.774477,
			"buy": 0.072,
			"sell": 0.075,
			"range": 0.0136
		}
	},
	"ardr": {
		"ticker": {
			"high": 0.3379,
			"low": 0.3282,
			"last": 0.3307,
			"vol": 15943952.960035,
			"buy": 0.3289,
			"sell": 0.3317,
			"range": -0.021
		}
	},
	"dat": {
		"ticker": {
			"high": 0.0086,
			"low": 0.0066,
			"last": 0.0079,
			"vol": 571026484.131081,
			"buy": 0.0066,
			"sell": 0.0087,
			"range": -0.0125
		}
	},
	"wicc": {
		"ticker": {
			"high": 0.945,
			"low": 0.925,
			"last": 0.938,
			"vol": 129624.99911,
			"buy": 0.938,
			"sell": 0.94,
			"range": -0.0042
		}
	},
	"xem": {
		"ticker": {
			"high": 0.2583,
			"low": 0.2505,
			"last": 0.2563,
			"vol": 24352945.995632,
			"buy": 0.2545,
			"sell": 0.2557,
			"range": 0.0174
		}
	},
	"xzc": {
		"ticker": {
			"high": 24.79,
			"low": 24.38,
			"last": 24.72,
			"vol": 203916.454286,
			"buy": 24.7,
			"sell": 24.78,
			"range": 0.0106
		}
	},
	"snt": {
		"ticker": {
			"high": 0.0755,
			"low": 0.0725,
			"last": 0.0747,
			"vol": 55383656.205522,
			"buy": 0.0744,
			"sell": 0.0751,
			"range": 0.0135
		}
	},
	"omg": {
		"ticker": {
			"high": 5.24,
			"low": 5.07,
			"last": 5.19,
			"vol": 571806.246532,
			"buy": 5.18,
			"sell": 5.21,
			"range": 0.0038
		}
	},
	"dash": {
		"ticker": {
			"high": 363.7,
			"low": 349.3,
			"last": 358.3,
			"vol": 20774.324673,
			"buy": 358.5,
			"sell": 359.4,
			"range": -0.0049
		}
	},
	"bcv": {
		"ticker": {
			"high": 0.0813,
			"low": 0.0792,
			"last": 0.0803,
			"vol": 23162247.469317,
			"buy": 0.0798,
			"sell": 0.0812,
			"range": -0.0123
		}
	},
	"atn": {
		"ticker": {
			"high": 0.111,
			"low": 0.1,
			"last": 0.101,
			"vol": 19060463.212424,
			"buy": 0.1,
			"sell": 0.102,
			"range": -0.09
		}
	},
	"bite": {
		"ticker": {
			"high": 0.375,
			"low": 0.364,
			"last": 0.371,
			"vol": 8304279.952948,
			"buy": 0.369,
			"sell": 0.372,
			"range": 0.0054
		}
	},
	"lxt": {
		"ticker": {
			"high": 0.025,
			"low": 0.0227,
			"last": 0.0245,
			"vol": 155888903.104917,
			"buy": 0.0242,
			"sell": 0.0247,
			"range": 0.0337
		}
	},
	"yoyo": {
		"ticker": {
			"high": 0.09,
			"low": 0.085,
			"last": 0.09,
			"vol": 25008393.038955,
			"buy": 0.089,
			"sell": 0.091,
			"range": 0.0465
		}
	},
	"stb": {
		"ticker": {
			"high": 0.011,
			"low": 0.01,
			"last": 0.01,
			"vol": 430108454.615612,
			"buy": 0.009,
			"sell": 0.012,
			"range": 0
		}
	},
	"btm": {
		"ticker": {
			"high": 0.565,
			"low": 0.543,
			"last": 0.553,
			"vol": 3285041.987659,
			"buy": 0.552,
			"sell": 0.553,
			"range": 0.0036
		}
	},
	"seer": {
		"ticker": {
			"high": 0.00539,
			"low": 0.00406,
			"last": 0.00525,
			"vol": 489576657.449889,
			"buy": 0.00509,
			"sell": 0.00528,
			"range": 0.0914
		}
	},
	"fgc": {
		"ticker": {
			"high": 0.012,
			"low": 0.011,
			"last": 0.011,
			"vol": 183281972.05174,
			"buy": 0.01,
			"sell": 0.012,
			"range": 0
		}
	},
	"lend": {
		"ticker": {
			"high": 0.1021,
			"low": 0.0994,
			"last": 0.1011,
			"vol": 39747696.750005,
			"buy": 0.1002,
			"sell": 0.101,
			"range": -0.0097
		}
	},
	"qash": {
		"ticker": {
			"high": 0.37,
			"low": 0.362,
			"last": 0.368,
			"vol": 11504766.475426,
			"buy": 0.366,
			"sell": 0.369,
			"range": 0.0027
		}
	},
	"mgc": {
		"ticker": {
			"high": 0.048,
			"low": 0.039,
			"last": 0.044,
			"vol": 40111708.117061,
			"buy": 0.043,
			"sell": 0.044,
			"range": 0.1578
		}
	},
	"can": {
		"ticker": {
			"high": 0.117,
			"low": 0.101,
			"last": 0.115,
			"vol": 32329828.416415,
			"buy": 0.113,
			"sell": 0.118,
			"range": 0.0176
		}
	},
	"vash": {
		"ticker": {
			"high": 0.0048,
			"low": 0.0042,
			"last": 0.0043,
			"vol": 647670850.79872,
			"buy": 0.0041,
			"sell": 0.0048,
			"range": 0.0238
		}
	},
	"ela": {
		"ticker": {
			"high": 11.77,
			"low": 11.28,
			"last": 11.52,
			"vol": 771596.47565,
			"buy": 11.37,
			"sell": 11.52,
			"range": 0.0149
		}
	},
	"tyt": {
		"ticker": {
			"high": 0.0018,
			"low": 0.0017,
			"last": 0.0017,
			"vol": 27161574.96147,
			"buy": 0.0016,
			"sell": 0.0017,
			"range": 0
		}
	},
	"cdr": {
		"ticker": {
			"high": 0.021,
			"low": 0.0199,
			"last": 0.02,
			"vol": 202238.489434,
			"buy": 0.0182,